{"valid_loss": 0.049510855227708817, "epoch": 99, "trainer/global_step": 499, "_timestamp": 1683715366.3514278, "_runtime": 223.7400827407837, "_step": 199, "train_loss": 0.04928988590836525, "_wandb": {"runtime": 225}}