{"valid_loss": 0.035540636628866196, "epoch": 30, "trainer/global_step": 154, "_timestamp": 1683714902.93432, "_runtime": 80.74146795272827, "_step": 33}